platform,created_at,text,cleaned_text
Twitter,2024-12-27 06:08:44+00:00,"Mamata Machinery Limited IPO Listing Details
.
https://t.co/KOz6Gv5BmZ
.
#Mamatamachinery #MamatamachineryLtd #MamatamachineryIPO #IMamatamachineryLtdIPO #IPO #IPOAlert #ipoupdates #upcomingipo #investing #stockmarket #stockinvesting #InvestmentOpportunity #directusinvestments https://t.co/AGpGol9LXb",mamata machinery limited ipo listing details mamatamachinery mamatamachineryltd mamatamachineryipo imamatamachineryltdipo ipo ipoalert ipoupdates upcomingipo investing stockmarket stockinvesting investmentopportunity directusinvestments
Twitter,2024-12-27 06:08:18+00:00,"Bumper debut! #MamataMachinery lists at 147% premium on #NSE 

@mamatamachinery | #StockMarket #IPO #IPOListing #Investing #ShareMarket #FinancialNews #MarketUpdates
https://t.co/iiqoFLt6zI",bumper debut mamatamachinery lists premium nse stockmarket ipo ipolisting investing sharemarket financialnews marketupdates
Twitter,2024-12-27 06:08:03+00:00,SAMBHAAV looks strong on the charts as indicated by Domin8er. Potential for an upward move. Note: This is not financial advice. I am not SEBI registered. #StockMarket #Trading #Domin8er https://t.co/w6AVKhSpqZ,sambhaav looks strong charts indicated dominer potential upward move note financial advice sebi registered stockmarket trading dominer
Twitter,2024-12-27 06:07:43+00:00,"RT @bsindia: #MarketsWithBS |  In 2024, #Taiwanâ€™s #stockmarket, represented by the TAIEX, stood out as one of the top performers among otheâ€¦",rt marketswithbs taiwans stockmarket represented taiex stood one top performers among othe
Twitter,2024-12-27 06:07:38+00:00,"RT @pardeep5889: ğŸš€ğŸ”¥Next Multi-bagger 2x GEM stockğŸ”¥ğŸš€
 
âœï¸CMP Near 250 &gt;&gt;My target&gt;500++ğŸ¯

6 months +holding periodâœï¸

DO&gt; #Repost  +Commentâ€¦",rt next multibagger x gem stock cmp near gtgtmy targetgt months holding period dogt repost comment
Twitter,2024-12-27 06:07:35+00:00,"Concord Enviro Systems lists with 19% premium on the BSE

https://t.co/sw2kcX5d85

#StockMarket #Water #ConcordEnviroSystem #Investmentguruindia https://t.co/EYkWhudjFu",concord enviro systems lists premium bse stockmarket water concordenvirosystem investmentguruindia
Twitter,2024-12-27 06:07:26+00:00,"RT @ETNowSwadesh: 2025 à¤•à¥‡ à¤²à¤¿à¤ @KotakMF à¤•à¥‡ MD, à¤¨à¥€à¤²à¥‡à¤¶ à¤¶à¤¾à¤¹ à¤•à¤¾ à¤†à¤‰à¤Ÿà¤²à¥à¤•
à¤¨à¤ à¤¸à¤¾à¤² à¤®à¥‡à¤‚ à¤•à¤¹à¤¾à¤‚ à¤¬à¤¨à¥‡à¤‚à¤—à¥‡ à¤•à¤®à¤¾à¤ˆ à¤•à¥‡ à¤®à¥Œà¤•à¥‡?
à¤•à¤¿à¤¸ à¤¸à¥‡à¤•à¥à¤Ÿà¤° à¤®à¥‡à¤‚ à¤…à¤¬ à¤µà¥ˆà¤²à¥à¤¯à¥à¤à¤¶à¤¨ à¤†à¤•à¤°à¥à¤·à¤•?â€¦",rt md
Twitter,2024-12-27 06:07:24+00:00,"Dear Investor,

Avoid taking loans for trading and never trade beyond your financial capacity.

ğŸŒ Visit us: https://t.co/72xXvdPI57

#stockmarket #investingtips #stockbroker #tradinggoals #financialfreedom #wealthmanagement #stockmarketindia #markettrends #learntotrade https://t.co/nbwVP5ittC",dear investor avoid taking loans trading never trade beyond financial capacity visit us stockmarket investingtips stockbroker tradinggoals financialfreedom wealthmanagement stockmarketindia markettrends learntotrade
Twitter,2024-12-27 06:07:10+00:00,RT @TrendonomicsHD: @tradingview @moneycontrolcom @CNBCBajar @business_today @ETMarkets @BiIndia @CMTAssociation @_anujsinghal @AnilSinghviâ€¦,rt
Twitter,2024-12-27 06:07:06+00:00,"RT @pardeep5889: ğŸš€ğŸ”¥Next Multi-bagger 2x GEM stockğŸ”¥ğŸš€
 
âœï¸CMP Near 250 &gt;&gt;My target&gt;500++ğŸ¯

6 months +holding periodâœï¸

DO&gt; #Repost  +Commentâ€¦",rt next multibagger x gem stock cmp near gtgtmy targetgt months holding period dogt repost comment
Twitter,2024-12-27 06:07:04+00:00,"àª¸à«àªàª²à«‹àª¨ àªàª¨àª°à«àªœà«€ àªªàª° EDàª¨à«€ àª•àª¡àª• àª•àª¾àª°à«àª¯àªµàª¾àª¹à«€, àª¹àªµà«‡ àª•àª‚àªªàª¨à«€àª¨àª¾ àª¶à«‡àª°àª¨à«àª‚ àª¶à«àª‚ àª¥àª¶à«‡ ?

#SuzlonEnergy #Stockmarket #Pricetarget #stockupdate

https://t.co/9HwApk202y",ed suzlonenergy stockmarket pricetarget stockupdate
Twitter,2024-12-27 06:06:59+00:00,"Sanathan Textiles lists with 31% premium on the BSE

https://t.co/33Fg4wICpi

#StockMarket #TextilesSector #SanthanTextiles #Investmentguruindia https://t.co/ITgyRYa9o6",sanathan textiles lists premium bse stockmarket textilessector santhantextiles investmentguruindia
Twitter,2024-12-27 06:06:59+00:00,"RT @NSEIndia: What do you think the missing word in this week's #CompleteTheSentence is?

#NSE #NSEIndia #StockMarket #Completethesentenceâ€¦",rt think missing word weeks completethesentence nse nseindia stockmarket completethesentence
Twitter,2024-12-27 06:06:35+00:00,"RT @zona_inversion: DespuÃ©s de casi seis meses , #CELSIA marca su primera reversiÃ³n semanal, ajustada a #zona de soporte y con una fuerte sâ€¦",rt despus de casi seis meses celsia marca su primera reversin semanal ajustada zona de soporte con una fuerte
Twitter,2024-12-27 06:06:25+00:00,"RT @VishalJ31877206: #Greavescotton
Monthly TF

Stock to watchğŸ’¹

- Rounding base
- Poised for ATH breakout
- Highest ever volume

Telegram:â€¦",rt greavescotton monthly tf stock watch rounding base poised ath breakout highest ever volume telegram
Twitter,2024-12-27 06:05:46+00:00,"Mazagon Dock àµ½ Trend Reversal ? | Nifty | US Stock Market | Stock Market News Malayalam | MyFin TV

https://t.co/VnJUAT36Kp

#sharemarketindia #stockmarketcrash #StockMarketIndia #StockMarketUpdate #StockMarket #StocksToBuy #stocks #mazagondock #nifty #StockToWatch #ManmohanSingh https://t.co/fsxsghhrqF",mazagon dock trend reversal nifty us stock market stock market news malayalam myfin tv sharemarketindia stockmarketcrash stockmarketindia stockmarketupdate stockmarket stockstobuy stocks mazagondock nifty stocktowatch manmohansingh
Twitter,2024-12-27 06:05:40+00:00,"RT @pardeep5889: ğŸš€ğŸ”¥Next Multi-bagger 2x GEM stockğŸ”¥ğŸš€
 
âœï¸CMP Near 250 &gt;&gt;My target&gt;500++ğŸ¯

6 months +holding periodâœï¸

DO&gt; #Repost  +Commentâ€¦",rt next multibagger x gem stock cmp near gtgtmy targetgt months holding period dogt repost comment
Twitter,2024-12-27 06:05:26+00:00,"RT @VishalJ31877206: #Greavescotton
Monthly TF

Stock to watchğŸ’¹

- Rounding base
- Poised for ATH breakout
- Highest ever volume

Telegram:â€¦",rt greavescotton monthly tf stock watch rounding base poised ath breakout highest ever volume telegram
Twitter,2024-12-27 06:04:32+00:00,"RT @ClassicValueInv: Unlocking Wealth: Why Aduro Clean Technologies is a Hidden Gem $PLTR $ADUR
#InvestmentStrategy #AduroCleanTechnologiesâ€¦",rt unlocking wealth aduro clean technologies hidden gem pltr adur investmentstrategy adurocleantechnologies
Twitter,2024-12-27 06:04:06+00:00,"Power Mech Projects surges on securing order worth Rs 186 crore

https://t.co/aVPboV4osv

#StockMarket #PowerSector #StockOnTheMove #PowerMechProjectsLtd #Investmentguruindia https://t.co/KdNzxno1bU",power mech projects surges securing order worth rs crore stockmarket powersector stockonthemove powermechprojectsltd investmentguruindia
Twitter,2024-12-27 06:03:57+00:00,"RT @pardeep5889: ğŸš€ğŸ”¥Next Multi-bagger 2x GEM stockğŸ”¥ğŸš€
 
âœï¸CMP Near 250 &gt;&gt;My target&gt;500++ğŸ¯

6 months +holding periodâœï¸

DO&gt; #Repost  +Commentâ€¦",rt next multibagger x gem stock cmp near gtgtmy targetgt months holding period dogt repost comment
Twitter,2024-12-27 06:03:23+00:00,"2025 à¤•à¥‡ à¤²à¤¿à¤ @KotakMF à¤•à¥‡ MD, à¤¨à¥€à¤²à¥‡à¤¶ à¤¶à¤¾à¤¹ à¤•à¤¾ à¤†à¤‰à¤Ÿà¤²à¥à¤•
à¤¨à¤ à¤¸à¤¾à¤² à¤®à¥‡à¤‚ à¤•à¤¹à¤¾à¤‚ à¤¬à¤¨à¥‡à¤‚à¤—à¥‡ à¤•à¤®à¤¾à¤ˆ à¤•à¥‡ à¤®à¥Œà¤•à¥‡?
à¤•à¤¿à¤¸ à¤¸à¥‡à¤•à¥à¤Ÿà¤° à¤®à¥‡à¤‚ à¤…à¤¬ à¤µà¥ˆà¤²à¥à¤¯à¥à¤à¤¶à¤¨ à¤†à¤•à¤°à¥à¤·à¤•?
#MutualFunds à¤¨à¤¿à¤µà¥‡à¤¶à¤• à¤…à¤­à¥€ à¤•à¥à¤¯à¤¾ à¤•à¤°à¥‡à¤‚?
2025 à¤®à¥‡à¤‚ à¤•à¤¿à¤¸ à¤¥à¥€à¤® à¤ªà¤° à¤°à¤¹à¥‡à¤—à¤¾ à¤–à¤¾à¤¸ à¤«à¥‹à¤•à¤¸?

#Outlook2025 #StockMarket #Nifty50 @dkalra81 @davemansi145 @Ashesha_A @NileshShah68 https://t.co/8bUfBhAMd6",md mutualfunds outlook stockmarket nifty
Twitter,2024-12-27 06:03:12+00:00,"3: #CaprolactamChemicals

Note: ""The securities quoted are for illustration only and are not recommendatory""

#stockmarketcrash #StockMarketIndia #StockMarketUpdate #StockMarket #StocksInFocus #stocks #GIFTNIFTY https://t.co/BsgfJLZgXG",caprolactamchemicals note securities quoted illustration recommendatory stockmarketcrash stockmarketindia stockmarketupdate stockmarket stocksinfocus stocks giftnifty
Twitter,2024-12-27 06:02:39+00:00,"The Nifty Defence Index is up by 56% this year. It highlights Indiaâ€™s evolving defence landscape, tracking key stocks weighted by their free-float market capitalisation.

Explore the driving forces behind this sectorâ€™s growth.

#NiftyDefence #DefenceSector #StockMarket #Investingâ€¦ https://t.co/wrUEHjnGLJ https://t.co/HigHPjdv1n",nifty defence index year highlights indias evolving defence landscape tracking key stocks weighted freefloat market capitalisation explore driving forces behind sectors growth niftydefence defencesector stockmarket investing
Twitter,2024-12-27 06:02:39+00:00,"2: #ChavdaInfra 

Note: ""The securities quoted are for illustration only and are not recommendatory""

#stockmarketcrash #StockMarketIndia #StockMarketUpdate #StockMarket #StocksInFocus #stocks #GIFTNIFTY https://t.co/SHPC2PtBvK",chavdainfra note securities quoted illustration recommendatory stockmarketcrash stockmarketindia stockmarketupdate stockmarket stocksinfocus stocks giftnifty
Twitter,2024-12-27 06:02:19+00:00,"IPO GMP Today: à¤†à¤œ à¤•à¥‡ à¤—à¥à¤°à¥‡ à¤®à¤¾à¤°à¥à¤•à¥‡à¤Ÿ à¤ªà¥à¤°à¥€à¤®à¤¿à¤¯à¤® à¤•à¥€ à¤ªà¥‚à¤°à¥€ à¤œà¤¾à¤¨à¤•à¤¾à¤°à¥€
https://t.co/w3YHBO8CM6
#IPO #GMP #StockMarketUpdate #StockMarket #UpcomingIPO #sharemarketindia #Finances #NSE #BSE #IPOUpdate #indianstocks #IPOGMPToday #ipoallotment #investments #IPOAlert https://t.co/K2e5bDFe8t",ipo gmp today ipo gmp stockmarketupdate stockmarket upcomingipo sharemarketindia finances nse bse ipoupdate indianstocks ipogmptoday ipoallotment investments ipoalert
Twitter,2024-12-27 06:02:19+00:00,"#stockmarket Premier Chatroom

https://t.co/oDTL2fl58m

$CRKN $FFIE $GWAV $BRSH  $SCPX $NBY $SINT $MMV $SLNA $AAPL $TSLA $AMZN https://t.co/dAF5INLmsD",stockmarket premier chatroom crkn ffie gwav brsh scpx nby sint mmv slna aapl tsla amzn
Twitter,2024-12-27 06:02:03+00:00,"RT @INDmoneyApp: How do the 2 biggest Solar PV Manufacturers in India stack up against each other? Let's find out!

#wareeenergies #waree #â€¦",rt biggest solar pv manufacturers india stack lets find wareeenergies waree
Twitter,2024-12-27 06:01:59+00:00,"#Greavescotton
Monthly TF

Stock to watchğŸ’¹

- Rounding base
- Poised for ATH breakout
- Highest ever volume

Telegram:ğŸ“² https://t.co/UA3XpeSxzB 

#stockstowatch #StocksToBuy #StockMarket #investing #Multibagger
@MicrocapsPraWin @kuttrapali26 @KommawarSwapnil @Abhi4Researchâ€¦ https://t.co/1gqNOiUV8A https://t.co/sFufxlad43",greavescotton monthly tf stock watch rounding base poised ath breakout highest ever volume telegram stockstowatch stockstobuy stockmarket investing multibagger
Twitter,2024-12-27 06:01:52+00:00,"RT @i2gain: #Nifty Daily Chart Update - 24 Dec 2024

Low volume, indecisive participants. Please refer to the chart for more details.

#Nifâ€¦",rt nifty daily chart update dec low volume indecisive participants please refer chart details nif
Twitter,2024-12-27 06:01:14+00:00,"RT @NSEIndia: What do you think the missing word in this week's #CompleteTheSentence is?

#NSE #NSEIndia #StockMarket #Completethesentenceâ€¦",rt think missing word weeks completethesentence nse nseindia stockmarket completethesentence
Twitter,2024-12-27 06:00:52+00:00,"à¤¶à¥‡à¤…à¤° à¤¨à¤µà¥à¤¹à¥‡, à¤¸à¥‹à¤¨à¥à¤¯à¤¾à¤šà¥€ à¤–à¤¾à¤£; à¤…à¤µà¤˜à¥à¤¯à¤¾ à¤šà¤¾à¤° à¤µà¤°à¥à¤·à¤¾à¤¤ à¤°à¤•à¥à¤•à¤® à¤²à¤¾à¤–à¥‹à¤‚à¤šà¥à¤¯à¤¾à¤¹à¥€ à¤ªà¤²à¥à¤¯à¤¾à¤¡, à¤ªà¤¾à¤¡à¤²à¤¾ à¤ªà¥ˆà¤¶à¤¾à¤‚à¤šà¤¾ à¤µà¤°à¥à¤·à¤¾à¤µ

#StockMarketIndia #StockMarketUpdate #StockMarket #sharemarketindia #MultibaggerStock #StocksToWatch 

https://t.co/Nef3PaIBqq",stockmarketindia stockmarketupdate stockmarket sharemarketindia multibaggerstock stockstowatch
Twitter,2024-12-27 06:00:50+00:00,"ğŸ“ˆ After 3 days of consolidation, Nifty is showing Upward Momentum. ğŸ“Š

ğŸ“Œ The 200-day EMA is now acting as a strong Support Level.
ğŸ“Œ Immediate Resistance is around Level 24,000; a breakout above this could lead to a significant rally.

#nifty #stockmarket #technicalanalysis https://t.co/zz4u9RV6si",days consolidation nifty showing upward momentum day ema acting strong support level immediate resistance around level breakout could lead significant rally nifty stockmarket technicalanalysis
Twitter,2024-12-27 06:00:31+00:00,SoundHound AI's stock surged nearly 20% amid increased interest in AI technologies. #StockMarket #AI #SoundHound,soundhound ais stock surged nearly amid increased interest ai technologies stockmarket ai soundhound
Twitter,2024-12-27 06:00:20+00:00,"ğŸš¨ Limited Time Offer ğŸš¨
ğŸ’¸ Want to make your money work for YOU in 2024? ğŸ’°
ğŸ”‘ Get expert investment advice for just â‚¹6750/year (originally â‚¹7500)!
â³ Hurry â€“ offer expires tonight
âœ… Secure your financial future NOW!
ğŸ“² DM me 

#StockMarketIndia #IPO #intraday #StockMarket",limited time offer want make money work get expert investment advice year originally hurry offer expires tonight secure financial future dm stockmarketindia ipo intraday stockmarket
Twitter,2024-12-27 06:00:11+00:00,"What do you think the missing word in this week's #CompleteTheSentence is?

#NSE #NSEIndia #StockMarket #Completethesentence #ShareMarket #InvestorProtection https://t.co/br6g5JJztM",think missing word weeks completethesentence nse nseindia stockmarket completethesentence sharemarket investorprotection
Twitter,2024-12-27 06:00:06+00:00,"Weekly Market Overview 
.
.
.
#naasasecurities #marketupdate #update #nepse #index #overview #sharemarket #sharebroker #brokerinnepal #dailyupdate #new #bestbroker  #nepal #paush #topbroker #learn #stockmarket
#demat #meroshare #tms58 https://t.co/vsAMqBzMVt",weekly market overview naasasecurities marketupdate update nepse index overview sharemarket sharebroker brokerinnepal dailyupdate new bestbroker nepal paush topbroker learn stockmarket demat meroshare tms
Twitter,2024-12-27 06:00:05+00:00,"https://t.co/VtcOAHYWtX
ğŸ“ˆ Want to simplify stock trading? With my Python program powered by yfinance, you can track real-time price &amp; volume data and filter stocks based on your criteria. Automate your analysis smarter ğŸ’¹
#Investing #StockMarket #TradingBot #Python https://t.co/zgSjdmDRn3",want simplify stock trading python program powered yfinance track realtime price amp volume data filter stocks based criteria automate analysis smarter investing stockmarket tradingbot python
Twitter,2024-12-27 06:00:01+00:00,"ğŸš€ IPO Frenzy!
âœ¨ Mamata Machinery makes a blockbuster debut with a 147% premium over IPO price! ğŸ’¼ DAM Capital follows suit, trading at a solid 55% premium on BSE &amp; NSE.
Who could be next in the IPO spotlight?
#StockMarket #IPO #MamataMachinery #DAMCapital #Indiabullssecurities",ipo frenzy mamata machinery makes blockbuster debut premium ipo price dam capital follows suit trading solid premium bse amp nse could next ipo spotlight stockmarket ipo mamatamachinery damcapital indiabullssecurities
Twitter,2024-12-27 06:00:01+00:00,"#NewsParViews 

Transrail Lighting : NSE à¤ªà¤° 36.6% à¤•à¥‡ à¤ªà¥à¤°à¥€à¤®à¤¿à¤¯à¤® à¤ªà¤° à¤²à¤¿à¤¸à¥à¤Ÿà¤¿à¤‚à¤—

à¤²à¤¿à¤¸à¥à¤Ÿà¤¿à¤‚à¤— à¤•à¥‡ à¤¬à¤¾à¤¦ à¤•à¥à¤¯à¤¾ à¤¹à¥ˆ à¤•à¤‚à¤ªà¤¨à¥€ à¤•à¤¾ à¤ªà¥à¤²à¤¾à¤¨? 

FY26 à¤•à¥‡ à¤²à¤¿à¤ à¤•à¥à¤¯à¤¾ à¤¹à¥ˆ à¤†à¤‰à¤Ÿà¤²à¥à¤•? 

à¤•à¤¿à¤¸ à¤¸à¥‡à¤—à¤®à¥‡à¤‚à¤Ÿ à¤ªà¤° à¤•à¤‚à¤ªà¤¨à¥€ à¤•à¤¾ à¤–à¤¾à¤¸ à¤«à¥‹à¤•à¤¸? 

à¤¦à¥‡à¤–à¤¿à¤ Transrail Lighting à¤•à¥‡  MD &amp; CEO, à¤°à¤£à¤¦à¥€à¤ª à¤¨à¤¾à¤°à¤‚à¤— à¤¸à¥‡ à¤–à¤¾à¤¸ à¤¬à¤¾à¤¤à¤šà¥€à¤¤

#StockMarket #TransrailLightingâ€¦ https://t.co/xWwQJ38A3F https://t.co/3cqAOdzP3e",newsparviews transrail lighting nse fy transrail lighting md amp ceo stockmarket transraillighting
Twitter,2024-12-27 05:59:50+00:00,"#stockmarket Premier Chatroom

https://t.co/oDTL2fl58m

$CRKN $FFIE $GWAV $BRSH  $SCPX $NBY $SINT $MMV $SLNA $AAPL $TSLA $AMZN https://t.co/uncacuAhCa",stockmarket premier chatroom crkn ffie gwav brsh scpx nby sint mmv slna aapl tsla amzn
Twitter,2024-12-27 05:59:21+00:00,"Discover the 4 Key Stock Closing Details from the Previous Day with TradeCFD!
#stocks #shremarket #stockmarket #indexes #commodity https://t.co/6FEdB8Y0S4",discover key stock closing details previous day tradecfd stocks shremarket stockmarket indexes commodity
Twitter,2024-12-27 05:59:17+00:00,"Benchmark Indices Creating All-Time Highs!

 Sign up now - https://t.co/PK0NHta9sE

#stockmarket #nifty50 #banknifty #niftyit #investsmart #tradabulls #marketanalysis #marketmoments https://t.co/XCdlg8v0yu",benchmark indices creating alltime highs sign stockmarket nifty banknifty niftyit investsmart tradabulls marketanalysis marketmoments
Twitter,2024-12-27 05:59:15+00:00,"RT @pardeep5889: ğŸš€ğŸ”¥Next Multi-bagger 2x GEM stockğŸ”¥ğŸš€
 
âœï¸CMP Near 250 &gt;&gt;My target&gt;500++ğŸ¯

6 months +holding periodâœï¸

DO&gt; #Repost  +Commentâ€¦",rt next multibagger x gem stock cmp near gtgtmy targetgt months holding period dogt repost comment
Twitter,2024-12-27 05:59:11+00:00,"Top 10 selling cars of 2024.

#StockMarketIndia #StockMarket https://t.co/5FErrvJzit https://t.co/b8J7WmnGA3",top selling cars stockmarketindia stockmarket
Twitter,2024-12-27 05:59:03+00:00,"Lemon Tree Hotels rises on signing new property in Maharashtra

https://t.co/ognirzvPSF
 
#Hotelsector #StockMarket @LemonTreeHotels #Maharashtra #Investmentguruindia https://t.co/QlEKjWJ50G",lemon tree hotels rises signing new property maharashtra hotelsector stockmarket maharashtra investmentguruindia
Twitter,2024-12-27 05:58:57+00:00,"Video Link:

https://t.co/P6wT2CxTpW

#StockMarketIndia #StockMarketUpdate  #StockMarket #niftyoptions #niftyfuture #like #SubscribeNow #BestFriend https://t.co/UhBamJh4eV",video link stockmarketindia stockmarketupdate stockmarket niftyoptions niftyfuture like subscribenow bestfriend
Twitter,2024-12-27 05:58:02+00:00,"Bears really got fearful by this tweet. Awesome!!!
#nifty #niftytoday #niftyOptions #StockMarketIndia #StockMarketUpdate #StockMarket #StocksToBuy https://t.co/PvpAD4Oj85",bears really got fearful tweet awesome nifty niftytoday niftyoptions stockmarketindia stockmarketupdate stockmarket stockstobuy
Twitter,2024-12-27 05:57:52+00:00,"Mazagon Dock shares undergo a 2:1 split, adjusting prices while maintaining impressive YTD performance. Analysts show confidence in the defense sector's future potential despite market corrections.

Stay updated on this #StockMarket move! ğŸš¢ğŸ“Š

#MazagonDock #ShareSplit #intraday https://t.co/wM5VI12udV",mazagon dock shares undergo split adjusting prices maintaining impressive ytd performance analysts show confidence defense sectors future potential despite market corrections stay updated stockmarket move mazagondock sharesplit intraday
Twitter,2024-12-27 05:57:31+00:00,"Choosing the right broker is key to smart investing! 

Compare charges, features, and services with a comprehensive Stock Broker Comparison.

Get more details: https://t.co/OvrbYicvct

#StockBrokerComparison #SmartInvesting #Trading #StockMarket https://t.co/vTmDh87Io3",choosing right broker key smart investing compare charges features services comprehensive stock broker comparison get details stockbrokercomparison smartinvesting trading stockmarket
Twitter,2024-12-27 05:57:26+00:00,"Keep an eye on: #DCXINDIA
â€¢ Call Shared at: 340
â€¢ High Made: 353
â€¢ CMP: 349
â€¢ Points Gained: 13
â€¢ Returns: 4%
â€¢ Enter if Weekly Close Above Trendline

#DCXINDIA #StockMarket #IndianStocks #StockAnalysis #nifty #Breakout #Uptrend #Breakoutstocks https://t.co/EOl6Fvf5vZ https://t.co/1Fxkp5DLvc",keep eye dcxindia call shared high made cmp points gained returns enter weekly close trendline dcxindia stockmarket indianstocks stockanalysis nifty breakout uptrend breakoutstocks
Twitter,2024-12-27 05:56:40+00:00,"Aaj to sach me hi khushiyan di barsaatğŸ˜‚
#memes #mamatamachineryipo #stockmarket #ipoallotment https://t.co/rzMPOYHDxQ",aaj sach hi khushiyan di barsaat memes mamatamachineryipo stockmarket ipoallotment
Twitter,2024-12-27 05:56:16+00:00,"#Nifty

Wave 4 Correction Near It's End                 

Limited Downside Risk 23300

Strongest Wave 5 Rally is Inevitable     

à¤†à¤à¤—à¤¾ à¤¤à¥‹ à¤¤à¥‡à¤œà¥€ à¤¹à¥€

Keep on radar               

https://t.co/KEHyI6f4YN                 

Like &amp; Share

#Elliottwave #StockMarket #Trendonomics https://t.co/fYwn53vvS0",nifty wave correction near end limited downside risk strongest wave rally inevitable keep radar like amp share elliottwave stockmarket trendonomics
Twitter,2024-12-27 05:56:14+00:00,"ZAGGLE PREPAID OCEAN: Co Has Entered Into An Agreement With Mahindra First Choice Wheels Limited
#Stocks #StockMarket #TRading #IndustryNews #Industry",zaggle prepaid ocean co entered agreement mahindra first choice wheels limited stocks stockmarket trading industrynews industry
Twitter,2024-12-27 05:55:43+00:00,"RT @GhanshyamRaj: Understand  Inventory Turnover Ratio in just few seconds 
#investing #Nifty #StockMarket

https://t.co/q6oCSxLZsA",rt understand inventory turnover ratio seconds investing nifty stockmarket
Twitter,2024-12-27 05:54:43+00:00,"#VolumeMovers -#Nifty50 

Check #trending #chartpatterns and #Updates on https://t.co/5ErPu4pSu6 and ""follow"" @MySoctr

#Nifty #Nifty50 #investing #breakoutstocks #StocksInFocus #StocksToWatch #stocks #StocksToBuy #StocksToTrade #StockMarket #trading #stockmarkets #Breakout #nseâ€¦ https://t.co/QzZbb7uxMZ https://t.co/LyNYD3zobb",volumemovers nifty check trending chartpatterns updates follow nifty nifty investing breakoutstocks stocksinfocus stockstowatch stocks stockstobuy stockstotrade stockmarket trading stockmarkets breakout nse
Twitter,2024-12-27 05:54:11+00:00,"@sakigake The Nikkei 225 index surged 2% in late trading ğŸ“ˆ, with DENA leading gains, soaring 14% ğŸš€. Meanwhile, Nissan Motors bucked the trend, plunging 8% ğŸ“‰.

#Nikkei225 #StockMarket #DENA #Nissan",nikkei index surged late trading dena leading gains soaring meanwhile nissan motors bucked trend plunging nikkei stockmarket dena nissan
Twitter,2024-12-27 05:53:47+00:00,"NMDC Borad has fixed 27 December 2024 as the record date for finalizing the eligible shareholders to issue bonus shares in a 2:1 ratio.

ğŸ”—  Join Whatsapp Group: https://t.co/Nwl6nEkyyq

#StockMarket #StockMarketIndia #Stocks https://t.co/tZotKxYpRp",nmdc borad fixed december record date finalizing eligible shareholders issue bonus shares ratio join whatsapp group stockmarket stockmarketindia stocks
Twitter,2024-12-27 05:53:43+00:00,"@OpenSoliloquy The Nikkei 225 index surged 2% in late trading ğŸ“ˆ, with DENA leading gains, soaring 14% ğŸš€. Meanwhile, Nissan Motors bucked the trend, plunging 8% ğŸ“‰.

#Nikkei225 #StockMarket #DENA #Nissan",nikkei index surged late trading dena leading gains soaring meanwhile nissan motors bucked trend plunging nikkei stockmarket dena nissan
Twitter,2024-12-27 05:53:35+00:00,"@ex_Lhasa The Nikkei 225 index surged 2% in late trading ğŸ“ˆ, with DENA leading gains, soaring 14% ğŸš€. Meanwhile, Nissan Motors bucked the trend, plunging 8% ğŸ“‰.

#Nikkei225 #StockMarket #DENA #Nissan",nikkei index surged late trading dena leading gains soaring meanwhile nissan motors bucked trend plunging nikkei stockmarket dena nissan
Twitter,2024-12-27 05:53:12+00:00,"@Barchart The Nikkei 225 index surged 2% in late trading ğŸ“ˆ, with DENA leading gains, soaring 14% ğŸš€. Meanwhile, Nissan Motors bucked the trend, plunging 8% ğŸ“‰.

#Nikkei225 #StockMarket #DENA #Nissan",nikkei index surged late trading dena leading gains soaring meanwhile nissan motors bucked trend plunging nikkei stockmarket dena nissan
Twitter,2024-12-27 05:52:58+00:00,"@o6dGNX6GYD2m5Dh The Nikkei 225 index surged 2% in late trading ğŸ“ˆ, with DENA leading gains, soaring 14% ğŸš€. Meanwhile, Nissan Motors bucked the trend, plunging 8% ğŸ“‰.

#Nikkei225 #StockMarket #DENA #Nissan",nikkei index surged late trading dena leading gains soaring meanwhile nissan motors bucked trend plunging nikkei stockmarket dena nissan
Twitter,2024-12-27 05:52:49+00:00,"Dixon Technologies inches up as its arm enters into MoU with Cellecor Gadgets

https://t.co/SdRGne888I

#ManufacturingSector #StockMarket #MemorandumOfUnderstanding #Gadget @DixonTech_India #Investmentguruindia https://t.co/w6XxYZ7Cdy",dixon technologies inches arm enters mou cellecor gadgets manufacturingsector stockmarket memorandumofunderstanding gadget investmentguruindia
Twitter,2024-12-27 05:52:44+00:00,"@OpenAI The Nikkei 225 index surged 2% in late trading ğŸ“ˆ, with DENA leading gains, soaring 14% ğŸš€. Meanwhile, Nissan Motors bucked the trend, plunging 8% ğŸ“‰.

#Nikkei225 #StockMarket #DENA #Nissan",nikkei index surged late trading dena leading gains soaring meanwhile nissan motors bucked trend plunging nikkei stockmarket dena nissan
Twitter,2024-12-27 05:52:39+00:00,"#KalyaniSteels 36.60% #Return  in 28 Days 

Check #trending #chartpatterns on https://t.co/5ErPu4pSu6
&amp; ""follow"" @MySoctr

#nifty #nifty50 #investing #breakoutstocks #StocksInFocus #StocksToWatch #stocks #StocksToBuy #StocksToTrade #breakoutstock #stockmarketindia #StockMarketâ€¦ https://t.co/uMBnAzx0rD https://t.co/oXztE0HUzE",kalyanisteels return days check trending chartpatterns amp follow nifty nifty investing breakoutstocks stocksinfocus stockstowatch stocks stockstobuy stockstotrade breakoutstock stockmarketindia stockmarket
Twitter,2024-12-27 05:52:36+00:00,"NMDC Borad has fixed 27 December 2024 as the record date for finalizing the eligible shareholders to issue bonus shares in a 2:1 ratio.

ğŸ”—  Join Whatsapp Group: https://t.co/hQJVE5Mjc3

#StockMarket #StockMarketIndia #Stocks https://t.co/75J0ChkQnI",nmdc borad fixed december record date finalizing eligible shareholders issue bonus shares ratio join whatsapp group stockmarket stockmarketindia stocks
Twitter,2024-12-27 05:52:34+00:00,"@IvankaTrump The Nikkei 225 index surged 2% in late trading ğŸ“ˆ, with DENA leading gains, soaring 14% ğŸš€. Meanwhile, Nissan Motors bucked the trend, plunging 8% ğŸ“‰.

#Nikkei225 #StockMarket #DENA #Nissan",nikkei index surged late trading dena leading gains soaring meanwhile nissan motors bucked trend plunging nikkei stockmarket dena nissan
Twitter,2024-12-27 05:51:54+00:00,"#stockmarket #stocktrading #stockfocus #stockwach #stockbuy 
Focus... Bajaj housing finance.
Nbcc.ifci 
New year rally.ğŸ™",stockmarket stocktrading stockfocus stockwach stockbuy focus bajaj housing finance nbccifci new year rally
Twitter,2024-12-27 05:51:51+00:00,"RT @mmojha: Instl. Investors EQUITY Cash Trades PROV. - 26/12/2024 : Rs. CRS. :

FIIS : SELL -2,377 (4,256-6,633)

DIIS : BUY  +3,336 (11,5â€¦",rt instl investors equity cash trades prov rs crs fiis sell diis buy
Twitter,2024-12-27 05:51:42+00:00,Conversion services for various trading platforms. #TradingView #TechnicalAnalysis #StockMarket #Forex #TradingStrategies #CryptoTrading #TradingSignals #Investing #DayTrading #ChartAnalysis https://t.co/J5x763ExwC @Emmayr_rw,conversion services various trading platforms tradingview technicalanalysis stockmarket forex tradingstrategies cryptotrading tradingsignals investing daytrading chartanalysis
Twitter,2024-12-27 05:51:34+00:00,"#MintEquitymaster | Hereâ€™s why top Indian #mutualfunds are betting big on this smallcap company. ReadğŸ‘‡

#StockMarket 

https://t.co/KNGqqqkyDb",mintequitymaster heres top indian mutualfunds betting big smallcap company read stockmarket
Twitter,2024-12-27 05:51:20+00:00,"RT @mmojha: Corporate Actions - 27th December 2024

#StockMarket https://t.co/LNWRJ6fzT5",rt corporate actions th december stockmarket
Twitter,2024-12-27 05:51:20+00:00,Conversion services for various trading platforms. #TradingView #TechnicalAnalysis #StockMarket #Forex #TradingStrategies #CryptoTrading #TradingSignals #Investing #DayTrading #ChartAnalysis https://t.co/J5x763ExwC @AlmanacTrader,conversion services various trading platforms tradingview technicalanalysis stockmarket forex tradingstrategies cryptotrading tradingsignals investing daytrading chartanalysis
Twitter,2024-12-27 05:50:53+00:00,Conversion services for various trading platforms. #TradingView #TechnicalAnalysis #StockMarket #Forex #TradingStrategies #CryptoTrading #TradingSignals #Investing #DayTrading #ChartAnalysis https://t.co/J5x763ExwC @szaman,conversion services various trading platforms tradingview technicalanalysis stockmarket forex tradingstrategies cryptotrading tradingsignals investing daytrading chartanalysis
Twitter,2024-12-27 05:50:47+00:00,"RT @pardeep5889: ğŸš€ğŸ”¥Next Multi-bagger 2x GEM stockğŸ”¥ğŸš€
 
âœï¸CMP Near 250 &gt;&gt;My target&gt;500++ğŸ¯

6 months +holding periodâœï¸

DO&gt; #Repost  +Commentâ€¦",rt next multibagger x gem stock cmp near gtgtmy targetgt months holding period dogt repost comment
Twitter,2024-12-27 05:50:37+00:00,Conversion services for various trading platforms. #TradingView #TechnicalAnalysis #StockMarket #Forex #TradingStrategies #CryptoTrading #TradingSignals #Investing #DayTrading #ChartAnalysis https://t.co/J5x763ExwC @DayTraderWayne,conversion services various trading platforms tradingview technicalanalysis stockmarket forex tradingstrategies cryptotrading tradingsignals investing daytrading chartanalysis
Twitter,2024-12-27 05:50:34+00:00,"#StockMarket | This small-cap apparel brand eyes 62% revenue growth in 3 years: Can it rerate?

(Madhvendra writes âœ)

https://t.co/MY1u8xtiyh",stockmarket smallcap apparel brand eyes revenue growth years rerate madhvendra writes
Twitter,2024-12-27 05:50:25+00:00,"StockUpdate:

#PNBHOUSING 843 To 872 ğŸ¤©ğŸ¤©

#StockMarket #TradingTips #Tradevisor #DhirajSagarPicks #StocksToBuy #StocksToFocus #SwingTrading #BTST #ShortTerm #StockMarket  #BreakoutStocks #BreakoutSoon https://t.co/P6cB2OJulc https://t.co/QCeA1Y5JXm",stockupdate pnbhousing stockmarket tradingtips tradevisor dhirajsagarpicks stockstobuy stockstofocus swingtrading btst shortterm stockmarket breakoutstocks breakoutsoon
Twitter,2024-12-27 05:50:20+00:00,Conversion services for various trading platforms. #TradingView #TechnicalAnalysis #StockMarket #Forex #TradingStrategies #CryptoTrading #TradingSignals #Investing #DayTrading #ChartAnalysis https://t.co/J5x763ExwC @AT09_Trader,conversion services various trading platforms tradingview technicalanalysis stockmarket forex tradingstrategies cryptotrading tradingsignals investing daytrading chartanalysis
Twitter,2024-12-27 05:50:13+00:00,"RT @HELPTOEARN_HTE: Call writers have crashed the iv of 78700ce what do you think.
#nifty #niftytoday #niftyOptions #StockMarketIndia #Stocâ€¦",rt call writers crashed iv ce think nifty niftytoday niftyoptions stockmarketindia stoc
Twitter,2024-12-27 05:50:01+00:00,Conversion services for various trading platforms. #TradingView #TechnicalAnalysis #StockMarket #Forex #TradingStrategies #CryptoTrading #TradingSignals #Investing #DayTrading #ChartAnalysis https://t.co/J5x763ExwC @traders_tweets,conversion services various trading platforms tradingview technicalanalysis stockmarket forex tradingstrategies cryptotrading tradingsignals investing daytrading chartanalysis
Twitter,2024-12-27 05:49:54+00:00,"RT @pardeep5889: ğŸš€ğŸ”¥Next Multi-bagger 2x GEM stockğŸ”¥ğŸš€
 
âœï¸CMP Near 250 &gt;&gt;My target&gt;500++ğŸ¯

6 months +holding periodâœï¸

DO&gt; #Repost  +Commentâ€¦",rt next multibagger x gem stock cmp near gtgtmy targetgt months holding period dogt repost comment
Twitter,2024-12-27 05:49:42+00:00,"The Nikkei 225 index surged 2% in late trading ğŸ“ˆ, with DENA leading gains, soaring 14% ğŸš€. Meanwhile, Nissan Motors bucked the trend, plunging 8% ğŸ“‰.

#Nikkei225 #StockMarket #DENA #Nissan https://t.co/GjJmnkBblp",nikkei index surged late trading dena leading gains soaring meanwhile nissan motors bucked trend plunging nikkei stockmarket dena nissan
Twitter,2024-12-27 05:49:41+00:00,Expecting a sharp correction in the #stockmarket during the first half of Jan 2025. Follow us for insights on #spx500 #nifty https://t.co/8URo1MD0f6,expecting sharp correction stockmarket first half jan follow us insights spx nifty
Twitter,2024-12-27 05:49:15+00:00,"Exciting IPOs on the horizon! ğŸš€ Get ready for Zepto, HDBFIN, Tata Capital, AFS, Ather, and BoAt to hit the stock market soon. ğŸ’¹ 

#StockMarket #IPOAlert #Investing"" https://t.co/Qi9tXo6mhf",exciting ipos horizon get ready zepto hdbfin tata capital afs ather boat hit stock market soon stockmarket ipoalert investing
Twitter,2024-12-27 05:49:13+00:00,"Call writers have crashed the iv of 78700ce what do you think.
#nifty #niftytoday #niftyOptions #StockMarketIndia #StockMarketUpdate #StockMarket #StocksToBuy",call writers crashed iv ce think nifty niftytoday niftyoptions stockmarketindia stockmarketupdate stockmarket stockstobuy
Twitter,2024-12-27 05:49:12+00:00,Conversion services for various trading platforms. #TradingView #TechnicalAnalysis #StockMarket #Forex #TradingStrategies #CryptoTrading #TradingSignals #Investing #DayTrading #ChartAnalysis https://t.co/J5x763ExwC @DeutscheTrader,conversion services various trading platforms tradingview technicalanalysis stockmarket forex tradingstrategies cryptotrading tradingsignals investing daytrading chartanalysis
Twitter,2024-12-27 05:49:11+00:00,"Overnight market updated

#NIFTY #STOCKMARKET #Tradebox #SENSEX #BITCOIN #GOLD https://t.co/q73gF41fQD",overnight market updated nifty stockmarket tradebox sensex bitcoin gold
Twitter,2024-12-27 05:49:04+00:00,"à¤®à¥à¤¨à¤¾à¤«à¥‡ à¤µà¤¾à¤²à¥‡ 3 IPO à¤¨à¥‡ à¤®à¤¾à¤°à¥à¤•à¥‡à¤Ÿ à¤®à¥‡à¤‚ à¤²à¥€ à¤œà¤¬à¤°à¤¦à¤¸à¥à¤¤ à¤à¤‚à¤Ÿà¥à¤°à¥€! à¤²à¤¿à¤¸à¥à¤Ÿà¤¿à¤‚à¤— à¤µà¤¾à¤²à¥‡ à¤¦à¤¿à¤¨ à¤¨à¤¿à¤µà¥‡à¤¶à¤•à¥‹à¤‚ à¤•à¤¾ à¤®à¤¿à¤²à¤¾ à¤¤à¤—à¤¡à¤¼à¤¾ à¤°à¤¿à¤Ÿà¤°à¥à¤¨

#StockMarket #IPO #Stocks 

https://t.co/uUIBxdOtcx",ipo stockmarket ipo stocks
Twitter,2024-12-27 05:48:59+00:00,"Mamata Machinery makes bumper debut with 147% premium on the BSE

https://t.co/fPpdiN6l2H

#ManufacturingSector #StockMarket #BSE #MamataMachinery #Investmentguruindia https://t.co/qApQtMj8iI",mamata machinery makes bumper debut premium bse manufacturingsector stockmarket bse mamatamachinery investmentguruindia
Twitter,2024-12-27 05:48:55+00:00,"#TopGainers -#Nifty50 

Check #trending #chartpatterns and #Updates on https://t.co/5ErPu4pSu6 and ""follow"" @MySoctr

#Nifty #Nifty50 #investing #breakoutstocks #StocksInFocus #StocksToWatch #stocks #StocksToBuy #StocksToTrade #StockMarket #trading #stockmarkets #Breakout #nseâ€¦ https://t.co/yntQkqoOrg https://t.co/QavzDfzN9o",topgainers nifty check trending chartpatterns updates follow nifty nifty investing breakoutstocks stocksinfocus stockstowatch stocks stockstobuy stockstotrade stockmarket trading stockmarkets breakout nse
Twitter,2024-12-27 05:48:47+00:00,Conversion services for various trading platforms. #TradingView #TechnicalAnalysis #StockMarket #Forex #TradingStrategies #CryptoTrading #TradingSignals #Investing #DayTrading #ChartAnalysis https://t.co/J5x763ExwC @0xShitTrader,conversion services various trading platforms tradingview technicalanalysis stockmarket forex tradingstrategies cryptotrading tradingsignals investing daytrading chartanalysis
Twitter,2024-12-27 05:48:42+00:00,"Strong Breakout Candidate! 
#KRN 

1- Tight range breakout 
2- Wave 4 did 38.2% 
3- Wave 5 unfolding ğŸ“ˆ

Keep on Radar.ğŸ“Œ
Potential Upside Stocks!!
#StockMarket #Investing #Trading #EquityMarkets
#FinancialPlanning #Shares #Indianstocks
#TechnicalAnalysis #DividendStocks https://t.co/movHLMoBpp",strong breakout candidate krn tight range breakout wave wave unfolding keep radar potential upside stocks stockmarket investing trading equitymarkets financialplanning shares indianstocks technicalanalysis dividendstocks
Twitter,2024-12-27 05:48:34+00:00,"Why taking tips and advisory is never recommended by IFMCÂ®.
............................
ğŸ‘‰ğŸ”—https://t.co/XxHFBBthGB
#ifmcinstitute #manish_taneja_ifmc #stockmarket #technicalanalysis #intradaytrading #investor #learn #traders #advisory #tips https://t.co/eUq7NVP3Ng",taking tips advisory never recommended ifmc ifmcinstitute manishtanejaifmc stockmarket technicalanalysis intradaytrading investor learn traders advisory tips
Twitter,2024-12-27 05:48:31+00:00,"Nasdaq 100 Futures

$NQ_F $QQQ $NDX #Futures #Stockmarket #DayTrading #Investing #sp500trading #futurestrading #MarketAnalysis #NQTrading #ESTrading #SPY #QQQ #RTY #DIA

ğŸ“_Previous Session

108 points from an H1 Diagonal Entry Model after jobless claims data surprised,â€¦ https://t.co/EmvKiAMaXn https://t.co/7jVztsEIYG",nasdaq futures nqf qqq ndx futures stockmarket daytrading investing sptrading futurestrading marketanalysis nqtrading estrading spy qqq rty dia previous session points h diagonal entry model jobless claims data surprised
Twitter,2024-12-27 05:48:22+00:00,Conversion services for various trading platforms. #TradingView #TechnicalAnalysis #StockMarket #Forex #TradingStrategies #CryptoTrading #TradingSignals #Investing #DayTrading #ChartAnalysis https://t.co/J5x763ExwC @1987Trader,conversion services various trading platforms tradingview technicalanalysis stockmarket forex tradingstrategies cryptotrading tradingsignals investing daytrading chartanalysis
Twitter,2024-12-27 05:48:16+00:00,"ğŸ”¥ IPO Alert! Hereâ€™s how the market is buzzing:

ğŸ“ˆ DAM Capital Advisors: Profit 38.87%
ğŸ“ˆ Sanathan Textiles: Profit 31.56%
ğŸ“ˆ Transrail Lighting:Profit 36.57%
ğŸ“ˆ Concord Enviro: Profit 17.83%

Which debut excites you the most? ğŸ’¹
#IPO #StockMarket #AfterTrade #ChalAbShuruKare https://t.co/Gj49g8L6TU",ipo alert heres market buzzing dam capital advisors profit sanathan textiles profit transrail lightingprofit concord enviro profit debut excites ipo stockmarket aftertrade chalabshurukare
Twitter,2024-12-27 05:48:09+00:00,"https://t.co/h5luFcxuqv

Are you investing in too many mutual fund schemes? Stick to 4-5 for a perfect portfolio! Too much diversification means reduced returns. Simplify and grow your wealth!

#MutualFunds #StockMarket #CompoundingBulls #InvestingTips #WealthBuilding",investing many mutual fund schemes stick perfect portfolio much diversification means reduced returns simplify grow wealth mutualfunds stockmarket compoundingbulls investingtips wealthbuilding
Twitter,2024-12-27 05:47:50+00:00,"PSE to Acquire 61.92 Percent of PDS for P2.32 Billion

Read: https://t.co/HMIj2oXnrZ

#bonds #stockmarket #stocks #realestate #finance #Business #Corporate #Corporation #Entrepreneur #Philippines #Financial #PersonalFinance #AI #GoNegosyo #Invest #Investment #investingtips",pse acquire percent pds p billion read bonds stockmarket stocks realestate finance business corporate corporation entrepreneur philippines financial personalfinance ai gonegosyo invest investment investingtips
Twitter,2024-12-27 05:47:43+00:00,"S&amp;P 500 Futures

$ES_F $SPY $SPX #Futures #Stockmarket #DayTrading #Investing #sp500trading #futurestrading #MarketAnalysis #NQTrading #ESTrading #SPY #QQQ #RTY #DIA

ğŸ“_Previous Session

Slow day, yesterday, but the plan worked and the one trade that set up, produced 32 pointsâ€¦ https://t.co/eyemUKrgY6 https://t.co/7A88jUg31I",sampp futures esf spy spx futures stockmarket daytrading investing sptrading futurestrading marketanalysis nqtrading estrading spy qqq rty dia previous session slow day yesterday plan worked one trade set produced points
